Encoding Dim,AUC,F-1,Accuracy,Precision
27,0.8258007342701608,0.41077441077441074,0.8353199498117942,0.5446428571428571
236,0.855826088146635,0.4697833523375142,0.8541405269761606,0.639751552795031
833,0.8482472978105337,0.3918269230769231,0.8412797992471769,0.5884476534296029
1894,0.839750840852246,0.3645320197044335,0.8381430363864492,0.5758754863813229
4744,0.8303387702172358,0.4658169177288528,0.8553952321204517,0.6525974025974026
