Encoding Dim,AUC,F-1,Accuracy,Precision
28,0.8465756971722265,0.44126074498567336,0.8295454545454546,0.6062992125984252
180,0.8462850051787145,0.40240240240240244,0.826048951048951,0.6036036036036037
474,0.8465048562662446,0.3670886075949367,0.8251748251748252,0.6170212765957447
974,0.8252281565730589,0.30363036303630364,0.8155594405594405,0.5679012345679012
3429,0.7861093197318795,0.17391304347826086,0.8006993006993007,0.4444444444444444
