Encoding Dim,AUC,F-1,Accuracy,Precision
19,0.8159609428118154,0.40625000000000006,0.7949640287769785,0.5571428571428572
107,0.8422131147540984,0.34636871508379885,0.789568345323741,0.543859649122807
275,0.8164425474050012,0.2807017543859649,0.7787769784172662,0.4897959183673469
551,0.8043457732114528,0.26744186046511625,0.7733812949640287,0.46
1446,0.7826924529727279,0.21951219512195122,0.7697841726618705,0.42857142857142855
