Encoding Dim,AUC,F-1,Accuracy,Precision
28,0.8498075890459995,0.4444444444444444,0.8489425981873112,0.6493506493506493
203,0.8565108983155342,0.46389496717724293,0.851963746223565,0.6583850931677019
583,0.8401124634568343,0.37002341920374704,0.8374622356495468,0.6030534351145038
1234,0.8294664697810392,0.34134615384615385,0.834441087613293,0.5916666666666667
3243,0.8120164866853609,0.3411214953271028,0.829607250755287,0.553030303030303
