Encoding Dim,AUC,F-1,Accuracy,Precision
21,0.8423898750821828,0.44776119402985076,0.8229665071770335,0.5555555555555556
121,0.8392258382642998,0.383419689119171,0.810207336523126,0.5068493150684932
308,0.8228468113083498,0.2742857142857143,0.7974481658692185,0.43636363636363634
619,0.8158941485864564,0.2331288343558282,0.8006379585326954,0.4418604651162791
1624,0.7618178829717291,0.19753086419753085,0.7926634768740032,0.38095238095238093
