Encoding Dim,AUC,F-1,Accuracy,Precision
24,0.8573618592037363,0.44368600682593856,0.8160270880361173,0.6372549019607843
152,0.8631699875701533,0.3568773234200743,0.8047404063205418,0.6153846153846154
394,0.8462352630984218,0.3046875,0.7990970654627539,0.6
809,0.8324569663640815,0.2157676348547718,0.7866817155756207,0.52
2658,0.7968322724019736,0.180327868852459,0.7742663656884876,0.41509433962264153
