Encoding Dim,AUC,F-1,Accuracy,Precision
25,0.8622817405033899,0.48945147679324896,0.8342465753424657,0.651685393258427
141,0.8599075880003715,0.3981042654028436,0.826027397260274,0.6666666666666666
349,0.8564131141450728,0.3864734299516908,0.826027397260274,0.6779661016949152
702,0.8360209436240365,0.30612244897959184,0.8136986301369863,0.625
2189,0.7848286430760658,0.2680412371134021,0.8054794520547945,0.5652173913043478
